ARW2IsMw84FbcdDNvjfUQxhYKT5CVzPy.jpg,4
jmRxT6IZdul3B8QEWpvFLSfcVHX1gC5D.jpg,10
jDn5IhpN7yKVtJSRoa4EvcHG8Y1O9ke3.jpg,10
s27hCRpL5yam1iztKTDVOlAPXb4InBEr.jpg,0
GdwD4y0zRjWrPIeX8AgOKac7UTLxQbpv.jpg,1
ec0tu7I4RMfOaYQToCH9pUizlnDN8Edj.jpg,11
GsbBaCHjUh2qJlWvZe6IXDYizpKtrnLx.jpg,6
K9Y7kEIZpHtx836NUwmOXGybJCqM0PWR.jpg,9
V3fz76mkRIjwleZiq5OWcCnhyP2aNBvu.jpg,6
ZMBQb9AkGX4S68DvLsUWVH0JRcqIO3lw.jpg,5
y1UCNWPTf4oH3z20FtMmSA6ROYZqa8Bi.jpg,1
fEap7UgPWbKn8T5SrMF609doOCsGyIl1.jpg,11
pm2ThIquD9jZQSbNyEa46Pnt75xOoGVH.jpg,6
SyDrt8BQJXzvEAd9Pws3pn1GjbxCVLhZ.jpg,1
6i2FpGaWgD0UdVPmYIH91yZc7QkjvKzM.jpg,6
ZHyz6OPdRCVUXvAkKEgGMjeiq9DQ4w2Y.jpg,11
qGUJzXjndN5BEM43fLVuD2IZC790yKpQ.jpg,0
64FHGv0hpi1QeDBanL9jd5NTPbuURKsA.jpg,0
iq845rWzCXc1NHhbtBVk9oMLfRu0TApD.jpg,7
btrAHXmi79BERzTugsvdFkpf4qhYnOC1.jpg,6
pOtviB9SNwIG1ocYAWqbV52DUQeaFxE6.jpg,7
az2Y3iveoKmqFGVJgjpw48bWCLBsPZSd.jpg,9
iw4TJmdCzPoOr5FHAaNYVXblxvy0sBnU.jpg,5
HUMDys5BWtgj61h9kRxFwQvcGYqunpAz.jpg,8
TLxAGqPbmhw3uZEylreCH749aYJB6gWX.jpg,4
D1PLNFGIVkswEyCoYr5U0ifvtl6BKdOc.jpg,2
4VDRm8FSxzGogy76PvIl5ueTKCkqW9j2.jpg,3
YJsWEj0bN7xBdKvaeIVqfLu4hzw12MT8.jpg,8
CvZoqgRb1GuiOtzWp3LE6d8jlmVADnhy.jpg,8
vO7GNaLMqw92R4hjtVxfoegbd6ImAWEl.jpg,2
jtPxvENrDz3IACHoQB8e4V0lGqgndLK7.jpg,3
xIvP9p0y4oaGgqzUhJZOsDNtWbu76reH.jpg,5
vpfbsh14YXUBIWotjxqcD3GF6Oe52zM9.jpg,7
JiFZhLmI5jWe2uaqzng9tXyGDwcCRPVl.jpg,7
LsTcHt9DfjQneKugB0FiymZSdopwA7E2.jpg,2
BeNmK9gwEh2QX86ky1fprPzJOGTinjo3.jpg,6
lmged1AEO8aTBpRk4jUvP9rDfQ2ZNuVt.jpg,4
7KDilFZbnU9d5C6M8tLTecHhWO1raGSP.jpg,5
aubLcXVqQePRwyHknzGdZjAiCp6h31rs.jpg,5
mXIfNyVxBOZin4KQlYMdkPTSFA85ugrH.jpg,5
YWxjtKA7BmcopIXabDFzyVR4iTrPdw8k.jpg,5
LJRXOkuIVxhc7ZrCKFd8GYSDfvmsE302.jpg,1
ial0d6k41h7wRmGrgxZLcMqDFTvKsyIX.jpg,1
p7AlzCB2mebK9RiTcfS3khoQHU5jFuyE.jpg,8
5pORyFW1D8K472SM0xNcTbvGAXwf6sEl.jpg,4
JhRpxEHOSIYqn0cyZTAWibQ1wPvMBX9V.jpg,7
Kjb8efkYN7UHurDzgoJxidVI1GRmls2F.jpg,0
2NbvoGleSIPmdiXLjVwgM40CBZWr7qU9.jpg,7
Y82bKuo71rvwA0kCNcmLUBpQhHDT9lJF.jpg,0
IpkaBLd60TKNiA4hSvFsGz5oJHOX1UZl.jpg,9
cFO8LVEhgkd4C5NAo2uYHBSt3piDyzZI.jpg,0
CV4FPEXUBuYvn5MyOq7QmoZh3DTKp1d8.jpg,2
xSJLM7Z4fQRdz809DjcvClUnXopymPwt.jpg,2
f5JapBNenR7tjkYxO1V4cHgL3dlTPCyA.jpg,0
DsB3eLRmcK0iNkfMH9CUSaj5Tb4JyP6x.jpg,8
8TMA06Nnzor2Gfei5H1h3svPYX4uVSmD.jpg,3
bh2onRgDQUdO53c0p9YrMti4CAfEIxyv.jpg,8
E8oHTYI5OceQZKpg9tuNnGJ2MUBvjD3R.jpg,0
m3TnLDlY1fAg2tEvMVIP4p9UawO5uJ6c.jpg,6
1ry0uScsWatxqJ8zAnkVD9j3QRUiZC7h.jpg,2
WKNemAFtyOn8VExYqfTZJ91bhruLpcsv.jpg,5
iEkGpD0yPQ8wuSYtrgf6ohqnvxXMz43R.jpg,3
H5N27BYjLoOhRXD91ukZtVyxCeFiqPM6.jpg,5
x2U7nDMWEiyzucdZVYgBjCrIOwo4XtAq.jpg,7
68r3FljBN0HU1WYoMwsRAOv5CKcpXxyu.jpg,8
K2aUXNfnCupYel3swIxGo71AyrMEDqJ4.jpg,7
doDJAVOwpmrxNgM84PeEBSQ9CXcWkH2a.jpg,4
sNyJrfZAFvo5imu3HISBUG9W2l1e40Kk.jpg,8
EdzLZBqMyf7nQvX09ARrVpthgKPsxeSY.jpg,3
3ZnpIokh2jNDrY0caqU8QOK4EufswdzA.jpg,1
HaGSINmA92jMbKRQqgh0dL1ofxcD4tU8.jpg,10
NHXUsnhyvREg0kbdtL5ITGe4DAjMiFlP.jpg,5
SukGlhoeUfjiqwIFcJLgxWdbO3sBQrzZ.jpg,4
Yy3PkZRNfhutQXxUOsl9Bvn7dFK6IE8z.jpg,3
eC9s4uwdgtzZhX5V63xJQnFvN8GPSo1i.jpg,11
Bdyn1VbIKZj4DwGHcmXr6foghlSTAR0p.jpg,1
YTpMHX8Edt7o34vq0CmlxrIGiegkhfsn.jpg,0
P3Bn8ThKFoV1YJIpfSAmqxwbQ2ECv0iu.jpg,11
pKHWP5NGI6urf034B7nbqF1Y9URdesw2.jpg,3
n0StpyjL4OH6UG8sAYgiJxdkuDvrXlh3.jpg,1
WFv04NG3zUkYiBIHlQyp9MmhbedLsf7K.jpg,6
0l8jL4ROZqzBYXeGH3fFyxPCJEs2togc.jpg,4
n96fcazwKbdUJ8FlDHA43ZeEo7WTgLqX.jpg,0
AP2oYwSOVcE86XHskhxlGvu3QMF7jWpK.jpg,2
54WKtDUABlunX2qaeZHkyCpLjSbwsoRg.jpg,4
Cp9xvt1bX5oqgwhnl3eYNsKa2DLuMSiE.jpg,2
krEVI3eSjO9FMKybdhLQovCYnG2DwlaR.jpg,0
zmx5S0vqDZeruB9P7HWXaVc1IMjEwt6y.jpg,8
HEpoaSjiebO15hfRY3QmPBXTCM26st7J.jpg,2
6TtQep5C3rkc2dAoqmJG8KUsjDlXbgnP.jpg,2
I3aGAwkQUq6HFfjrKpVvRCYN7TPbE8zh.jpg,7
XniIV9ZweRbNdEzWf6vs3gJ2hk4C58q0.jpg,11
vLodH3QnaPqjyMzecbYtiRfIAg9pGmw7.jpg,9
YzpEdRu4StIg7UaFVj2XfJCOGDhKeHNB.jpg,8
7OPgIj9NAW6bnuFVD0aR8Gfm5M3YhrT4.jpg,10
vw5LKnSh3u9POfGzHBscAW4pl0oe7aJT.jpg,9
fEI4mbUP9yvqG8ahKXM30NBRScZQwrpe.jpg,7
fIY8wE076HQFkNBz5prgc1amuCOZxMdD.jpg,0
gvHFxjQtd2P1AMD0KZ4rJG7wm8UpuEBR.jpg,6
gN2xK8HUbjFWl1kGyCvMJehiBPwzSdOu.jpg,9
hvdLSDjtJnGwbk8gu3sP2cXKNrHQMmBo.jpg,6
FCas1bZk7qUOw4ILAtipRgS29XPQENeJ.jpg,10
hiRsc1VCyOkb48lgEHU9zG3BeMxAwtda.jpg,2
rVYpnJXTIaq8ktvhe3Gmbl1wo2WxQRg4.jpg,6
vRbzZNmYFo7WXIcOnV18gfrGU3B42kKE.jpg,5
ShdTyoqamNCMQcezkU4sR1xbu9JGLtjF.jpg,9
YFEbnUGOptdLVZhXv47IzCTelKjoaAw8.jpg,0
89Cq02pxztSOuV4YXrTvjQJK6dbUemiW.jpg,4
jwBYan2FNf5brsUZqVGokT3I4CxS6zXP.jpg,11
ZV5KpcoqEl1yFgmRX7QhAJ20uD8BIC4x.jpg,9
E9j20wT54W3gzhsVev1N6KZpyUSxnMrO.jpg,9
BGrEOpbnU5tIVwXqz32SHFujMLmTP079.jpg,5
tY8xbT4EMJyzAwDpHP5RlIUkd9NrSusn.jpg,2
uv1SbeidZ4GyFDAxT0M7Y2mgLlBz3HVC.jpg,1
KLiEc2t0orWROTZgq8YDIBePhvFsjCp6.jpg,11
OHg2wlQf5DdNEr46xqLBXz3ai9oGmKYI.jpg,7
8mOXNWlEw1ZPMbr5LohUsi3JDe0C6pVj.jpg,1
dDewYrpgH8uN5mbKUT0MoXLCQVj914qn.jpg,11
glCRezh17iTPokdbNZIHrScmD56QEOBt.jpg,4
P8r4NWa3wQ7OIp9jzbDfteBgxdYKAGEL.jpg,9
gkbPeBSqZLThNcVHAudaG5JKp4Ux8Ryi.jpg,2
1oCwQeU3KzI2bESWZVDvacAxHhg4O0p5.jpg,3
V0mIFOgBcPj4vJHU6osiph7rTN8unz9D.jpg,7
06yUTYIeaRsE782Ou5dh1NPzm9XpkBoL.jpg,9
KcRWLOD407o9xHJIABCtMS8VY6kQvPbz.jpg,0
y3ecmo0uw6xEqhzIW79QJDLbf2PCdrAl.jpg,11
nk18BrPwjCJgQclmqtIHpSXNhxMbVYK9.jpg,4
K6ldPnGkV7C35Ap1J2yg8cIRzLsOXu9H.jpg,11
xA9wfKabsjl8IZn7JHvtuoqBPGzNYdWU.jpg,0
Mbv98gLKhunUfZjTCDz2Q53oyrHIBcYG.jpg,0
v23A8DpP4OjNklUVGZBT7gFiecfmMEhn.jpg,3
WUqZVJXmksnt45ORa1Cu6c8zKLifTID7.jpg,9
2Gz5sW0vnPYapF1btMZK6qUQJcA8xyIB.jpg,1
zXyot03giwfhecLJlCm5NjQnY6VHq7Da.jpg,6
SJqmXQaRbpLYD2UWvry9Pe0fFgtiIcnE.jpg,4
yLj08PvQgMVSJx12zHIDcwXO6KComaYt.jpg,6
5wUtIn3aLRvmohgPT6FrfHEGiBM9e7yd.jpg,3
xS3d4XNZ2YGRtaBH6TCVbmJvghiOlAIQ.jpg,8
HAJPda7QMtIBCkWZGmo6gUE1KqLDT2Xb.jpg,6
TKdEw4z0fVJi81laRugr2oXNQchACxDF.jpg,1
8wIDgP1i3ted7HslKGXkYz4nOb5vQT9C.jpg,11
E4kKFP7heD3gu1wcGY5JTSd9n0ibryLZ.jpg,9
bkj5R2usdF96DPnGhVTStIe7YOEBxQXJ.jpg,6
wd4noEBU0HDgby26RljskpPZYQLhqti1.jpg,10
8prIfqnY5k0bSyJsTPzBaHOuwFEhDx4c.jpg,10
5MHKj6mt0ueR2UiGpACZxsaIoEJqw38T.jpg,5
veKcksx0IRrmqYWB3nAQhuGJHptTVf4U.jpg,10
q8n6COwlBx2yj13FTvJsVt5mgdkQKeRL.jpg,8
DgdZv2UoBspb4KzYPWclikQeI5yM1fHN.jpg,2
4EsB9uIMd3KfJFN8vnRp1ZtGzY0wOo5T.jpg,2
u2KJc7UrlBdfO5gNPALEysIGQ6Ra8j4z.jpg,10
SFq4cCsgHrW9GldYTXwOf3hztL7uKpEA.jpg,4
MnPq8Bdgk1YWG07HyOsoC96Ech3bSlRN.jpg,2
WMgOhwZzacY023lCusqnBxIdibpkT5GP.jpg,0
rLtPXfM4YEz29cvZHalkWmFNiBGnxIU1.jpg,11
cQ28GMgOx697NboWdLVZiEXkqJTuRAYf.jpg,9
jxvT78qpeBCIzNduiyohGLHV3PUFgEmA.jpg,11
S9Dpt3OBuPk1dM2578UYsTn4ZVoxilzE.jpg,0
tbaFmLP0qn6xEISHXWYuvzpQfK3jc79N.jpg,8
zkHyvT0ugUNcEpbnKYROmlCIitaXSfDw.jpg,5
leubPx5YRaL0kjQBHcXJKsZEMFmiU1Vz.jpg,8
9GDFRyqXLMIHUle5kS3vPTYxwEdOjs04.jpg,8
qH7edr0iDohCW138GSFKnkxbysJfpEXl.jpg,3
IVk0ZbfoJ9sHyi7rRcB6SLjmdaqFznvC.jpg,8
msqdjIEpFxf23C61oW9JZ7nv4zurKL0O.jpg,5
642bPVHUQ5xBWnfgiGSREmtc8FsMj1eT.jpg,10
HWXCD9QmGStFzgRYrdMOlIvKiojPUcV6.jpg,9
LIsp4o2NfGERetBKXyvzPA3Z9cgDuV60.jpg,4
lMObdBySjIV9XUcsEH7QW8rGFDuZ62L3.jpg,9
kbg4EvmL52suxF3OXAlCqpyrSIJBaPGt.jpg,7
OMfQiwJau4WXboyN5LktHSF3grnZDsAG.jpg,4
gc7yjXT6KiB1MeDmNEPnqU0htVsfz2d9.jpg,9
KuV5Qi4JmoDvZSUbj3RGa2ksYMz6gyA9.jpg,2
aE8UTfmvV23Kl6JqtiBGnhCwMIzur1WZ.jpg,7
0inVXMEgaBO4Fcrhdj9bkLvHzN71yTuI.jpg,0
xkow0dE6MVCQLR9pIBvugr4NH185hTOP.jpg,9
8k0dX3cewmPBuKiO2Z1CUntRWys9jHxa.jpg,10
CFjOUGRndlX96vzAWqmrusko4YJIc78w.jpg,3
uNaUkSsl508WETFAR3virfmwLhoO7pZV.jpg,2
jXJLKAxiVtkhWcUrDmRlfvdqwsN5GHZp.jpg,2
Hf4hB2XpO1FyboCqKZriMQRdl9wG5SVe.jpg,9
p7LIzh9K2C6JvPFR1VxslN5HMoUESZ0t.jpg,3
IkDxXUZyvBVt29JzESlK0GdwiWHAPC13.jpg,6
8R3AXUErvuKGPkIHobinyjcNZg9TeYld.jpg,11
1pMk2hNyv4WXfEVlOxd0I7wbUL6ur9cP.jpg,9
lsuBT7OxJk5AnS1wK3acXUiqVCWmfRbQ.jpg,4
n74T1JPSsip8I6qO0CAawRxgoFYQcMWD.jpg,5
6S79IhtpCf2bdg4zqrsoV8lJc5XNyuKw.jpg,10
EvMk2LwZzBSxI0XAdrebg5osjCaf3PtW.jpg,7
C4sBzJoPpl17rMFjmWTavZwGLySgRNu6.jpg,9
nz5oNMvpTmrB6F1JdEg8R3Y0QwbXZCiW.jpg,1
hnuTefzZEj3yPxwHmaoqgK6bdV4lpt08.jpg,10
r2uvyY56iIPS8kZGnshwFHTpdljz1Mxc.jpg,3
0vqnOQ8N7JfRxYLuHWG5BKiwb3ltMkg1.jpg,10
2JpNeS5GmtdOV3B9I8TZRAxUEvPc7i1w.jpg,5
BtMhCUNGa8kHj3IdWF4iR7yLKelT6sfv.jpg,8
ny6ROKoBVGECzpuA1P3tj9ixWedrTF2q.jpg,3
u26vWon4hDfUsGNkeFYRZi8BIMtpxw5O.jpg,3
8wFPZ06rNnAG4d2SaL3xoVgI9QbJfCTX.jpg,2
iXwHOFJyoQCf0KAnmaxuN17sdlDSv6YL.jpg,10
xI8vdsqbFkCEZJVRoABQUw2XSjiYne4P.jpg,1
e0hxXYc1BNSZEORHnp5MQ7PW2yfUr3Cm.jpg,4
u6YvJj4O5Cd9pkRQeymLbxMqZXasFEi0.jpg,10
5kBePEqnQWLZx4Fi7VCbm6a80fS93DzR.jpg,11
CSbv6PwTrhRszmeB8qIHW14KMgpxD7cj.jpg,10
vjEBn3XRdprP0bVYTC9Hi6sxqDtozGua.jpg,3
IkaxQfhT0HMNpnRUmAZzuyLKJP4qlF9V.jpg,7
WN2V4ZjyJpLUc6lC7o0shxmdBITqGiOk.jpg,9
Qt29gPjYZwv3B6RJh5yiTWXrVImue1FH.jpg,5
dOAMNPU53f4xi1nlpSaXkju2e6zhwyqb.jpg,7
l7Kn96f0UHJRiBN8zhd13mDCatqSF5yE.jpg,6
LeBICTU9Ms7WbXylYoqaRHvmnA5rkKfG.jpg,1
bsIrUJD12AOfKpMz8GnghXqW34dNlj9S.jpg,7
ENWKYxGdP5j0rv8UHiVAqkTgfOMl4Xyn.jpg,9
NrPQtw7m31JKOlSbnAU6VHovqhMY2LBG.jpg,4
C263Itq5UJawbFVX9mSienplRxrgDzW8.jpg,1
lgxyhBc1YEkJHbZio4WsSdMaQCPmDT82.jpg,6
7B4OCYadUVfHt9wyuEh30LbRGFpro8kS.jpg,1
IATKzQGsd6PuM14mrw3yj09JROBoc2nN.jpg,2
hbXEk8AwL4vu9PxlYyzonVGqJgi36K1W.jpg,10
QlL0nk4dWUG8gv1AVXijOIozD6bqZBHY.jpg,3
4U3ZhLBQcmPJe8oFrnsG7ukqVHbKWpN5.jpg,2
7DmSzcCKFQl8ikqvBONZtxrefnpRU5YL.jpg,7
t4rpWyJgnL3OV7F5kou20YPHixIm1dbw.jpg,11
3c5RAvm0gXYMG4tPq1Ezj69pBoDTnfeQ.jpg,11
e2BGfPKjhr1iR3zxIVsnuobqAt5QTM8l.jpg,3
GlozKf7Nt4126DudiTQHwM9gXF5RB3SP.jpg,6
e1uUhLYTldCbSBo9nPkjr2FczxR6KNHp.jpg,0
57WzFTfABcHDSi8OI3E4XpYVrgR6kqxb.jpg,11
1nvK0pif9zLc74MCeYrOyqx6ZVQ3EGNH.jpg,11
TzB9H4AiLs1DZ6aklVF2INOcynhRpPdb.jpg,0
KWSCfFO5hvEoutbqzMcyBjZd9P1INQHR.jpg,8
ou9Ik17GtHSThRCDLZm3f6vB8ybQ4xsl.jpg,2
xeS317w4dmoBKbq9yXpnjNta8WDMIUCV.jpg,1
8hXcVtrwim5loPKUROeIG0xHsn7T2yAJ.jpg,10
ruWUFv0ejnP5N9KBMLmkb4DEyT1piCSo.jpg,7
JmbCezyZWvj8RfF3LVt4sX7Dl5wOKAaq.jpg,3
qv3bOocyiFuV6r8NHwXhIRBKgWda4fPY.jpg,5
aJfHX1egSQnbujLyYpxITv3iPd0CBF98.jpg,5
3ZlItXUDgHEJLPr0bSAzisp8YfvxuGBW.jpg,4